"","Debaryomyces hansenii","Delftia lacustris","Enterobacter hormaechei","Fusobacterium nucleatum","Mannheimia sp. USDA-ARS-USMARC-1261","Mollivirus sibericum","Moraxella osloensis","Myroides profundi","Nocardia mangyaensis","Plasmodium sp. gorilla clade G2","Porphyromonas asaccharolytica","Proteus virus Isfahan","Pseudomonas fluorescens","Snyder-Theilen feline sarcoma virus","Theileria annulata","malignant","others","stromal","immune","immune_ILC","immune_Mono.Macro","immune_pDC","immune_DC","immune_Neutrophils","immune_Mast","immune_NK","immune_CD4Tconv","immune_Treg","immune_TMKI67","immune_CD8Tex","immune_CD8T","immune_Plasma","immune_B","minor_Monocyte","minor_M2","minor_M1","minor_cDC2","minor_cDC1","minor_Th17","minor_Th2","minor_Th1","minor_CD4Teff","minor_CD4Tn","minor_MAIT","minor_CD8Teff","minor_CD8Tem","minor_CD8Tcm","minor_CD8Tn","stromal_Others","stromal_Myofibroblasts","stromal_Fibroblasts","stromal_Endothelial"
"SL251102",1.0397113023744e-08,1.62581923060016e-09,2.35043773366121e-09,3.85885907910596e-08,3.08810245803396e-09,2.09981519526243e-09,1.43887492734048e-09,7.82729165411139e-09,1.37739757379964e-09,9.16907972300991e-10,1.67273266873378e-08,2.0466537936194e-07,1.57486453920265e-09,1.66904753907424e-09,1.19744126071356e-09,0.165251876782988,0.0990470222142868,0.172718693658095,0.268983701392593,0.281052883005052,0.337290195016243,0.285083292271713,0.339681168428694,0.229585534868828,0.156206312241155,0.221827118805267,0.199928646208156,0.228237681729627,0.234624476146432,0.347366923367482,0.318238921205073,0.337236546856714,0.280224207513773,0.265407660366561,0.372698073512345,0.250866558049272,0.356303852374022,0.252126333794316,0.198438078515633,0.096455653353927,0.0690521509972959,0.113067885853964,0.377077826872799,-0.0174508871316098,0.192629968247712,0.376902541658172,0.381986035869281,0.361823762707977,0.418743753955817,0.0741432135136037,0.174120349289806,0.190593870368891
"SL257956",1.03971132400217e-08,1.62581926441998e-09,2.35043778255433e-09,1.8657683485815e-09,3.08810252227178e-09,2.09981523894218e-09,1.43887495727154e-09,3.30792111202439e-08,1.75433360824964e-08,9.16907991374246e-10,1.69719838058127e-09,9.53678106866372e-07,1.57486457196253e-09,1.66904757379328e-09,1.19744128562239e-09,0.161014808323756,0.117508323724703,0.26291025127674,0.186491997588762,0.19862429137157,0.260392691423669,0.186258781790311,0.216352683709123,0.135188989227058,0.133241610599239,0.0971538297710803,0.104382353391593,0.0763473234878079,0.0697418405559008,0.20119620861232,0.210432695092869,0.231742852208,0.165663724014681,0.201659167056906,0.347546417956285,0.164789445005718,0.227084551645801,0.0882741907511036,0.102135289768703,0.0337015059361527,-0.0232729191791078,-0.130345100135043,0.295372632640406,0.0600691295683276,0.0255146419796179,0.316942625292708,0.270522152700378,0.351299590804482,0.400099245512427,0.159603429082134,0.300359580163488,0.254462181636173
"SL271795",1.03971331567566e-08,1.62582237884323e-09,2.35044228505854e-09,1.86577192265179e-09,3.08810843784831e-09,2.09981926135324e-09,1.43887771358383e-09,1.49715859152147e-09,1.37740024099799e-09,9.16909747805375e-10,1.69720163173853e-09,9.53679933734422e-07,1.57486758877685e-09,1.66905077102479e-09,1.19744357944376e-09,0.182242437416812,0.127892790804762,0.258494737249194,0.193202588011549,0.203345781951149,0.263765123469599,0.223212517430902,0.258043858431764,0.165975772420422,0.124463080065883,0.0923729212907033,0.106817996525261,0.128494002791197,0.13260728489624,0.19970213892097,0.178233159818494,0.217328497276563,0.18819905737951,0.218912713066307,0.333097277619431,0.169308407896566,0.256661765028764,0.170313804340744,0.081607122380748,0.0309390565773052,-0.022175429235401,-0.075250252069309,0.279853116976293,-0.0963276015360778,-0.00127433074277497,0.236002149598729,0.259890859427265,0.326105662775006,0.390547106890968,0.147738713354676,0.298808383742357,0.253375775942773
"SL310764",1.65243434948381e-09,1.60348774370963e-09,1.68740777512399e-09,1.49115752791889e-09,1.65576263236976e-09,1.60922511698347e-09,1.53600414333041e-09,1.49938901696859e-09,1.60319348286377e-09,1.84940010218453e-09,1.6361022325145e-09,2.18201269470644e-05,1.58435396273724e-09,1.59603801765536e-09,1.49314544609686e-09,0.169089250290154,0.0872167357716712,0.177444706086938,0.206651777281874,0.212733880832718,0.266614453296317,0.156990795338321,0.221206863556646,0.204802101636575,0.131807548763744,0.104884463936439,0.126550910500898,0.0984500629597431,0.201603784075997,0.193994167917422,0.206824834113286,0.269487738076961,0.180625981232286,0.224224235930387,0.352463196099385,0.166043218524458,0.235813324242646,0.238874899974025,0.0911036985714015,0.105071303974395,0.0197523726107537,-0.159147716359437,0.295806822938864,-0.0965184622688767,0.012628562076083,0.330325549443437,0.268257422787643,0.38280283182319,0.437610581941841,0.0912752289710235,0.174835599465624,0.179100437405218
"SL310813",7.51551687184528e-09,1.46666527464164e-09,2.27141307185366e-09,2.01979093269859e-08,2.8904996793633e-09,2.63587819675797e-09,9.46937142478033e-09,1.68185632675132e-09,8.82844378617846e-10,1.96682940906832e-08,3.11176451142591e-09,1.95873533842219e-06,7.13579209836788e-09,1.53032110382524e-09,4.94043593718386e-09,0.16856767828721,0.0942691598186768,0.154265570905648,0.242309466055419,0.21067418333088,0.286628474341218,0.219645243757472,0.309171719187402,0.196629050455048,0.116717522522451,0.214778455863519,0.204293631260293,0.198659719884713,0.281167289369608,0.319362797054736,0.30094996435095,0.304271232287944,0.23977166208318,0.249231051106379,0.332475399005541,0.204460008217992,0.321040997861214,0.272957647194002,0.186635924239512,0.204455473872504,0.107718143382031,0.140483020118572,0.345773904069288,0.041248516180636,0.189831562442069,0.373727311391183,0.350630718887955,0.216599274433515,0.453992706157225,0.0846647531337137,0.140021371168718,0.165695262317601
"SL319197",3.58632576318965e-08,1.49182554535026e-09,2.43129441198008e-09,1.428351474394e-09,3.03593443299178e-09,1.86849548821049e-09,1.21535122803458e-09,1.03093671157928e-08,1.48021513658846e-07,3.91387944703683e-09,1.52059426424081e-09,8.02290730246614e-07,1.53916791844266e-09,1.54934160995927e-09,8.35926845746907e-09,0.150633200766874,0.0920232485737852,0.175971530726478,0.200169620900059,0.238770092739044,0.266885731040714,0.223590475702209,0.265298828204569,0.164001972001331,0.136097144491166,0.154985539100457,0.170014245986872,0.17934651985061,0.10705558146732,0.262855745029597,0.273648909523227,0.201387840902066,0.184481127072169,0.19453963889329,0.356349588223452,0.165847176435634,0.27737460885996,0.196733639237714,0.168921245442372,0.131348275588177,0.0571505224545703,0.00410483181017432,0.335732669635063,0.12065171329051,0.126802964891098,0.343846386168487,0.327583345711215,0.336544740301589,0.385795801119571,0.101298759887902,0.184342665718819,0.16731541736589
"SL337466",3.32991337855773e-08,1.6258215281896e-09,2.35044105527336e-09,5.97554998373581e-09,3.08810682210561e-09,3.69153554226672e-09,1.43887696074234e-09,4.79498372153695e-09,1.37739952032239e-09,3.41231386240551e-08,1.69720074373825e-09,5.24600567329722e-08,1.5748667647835e-09,1.66904989775344e-09,1.19744295292408e-09,0.0755417513407528,0.0605699925092849,0.0686477522298857,0.0680696323162074,0.0716024861010827,0.109846930798862,0.0802134704642061,0.0835432666272631,0.108507803389416,0.0496705407273436,0.091839034856222,0.0296894429860548,0.0761218779717928,0.0785435792139462,0.118241618312866,0.111174020897042,-0.000255709733785581,0.0456681323614088,0.0713488873661365,0.140544900570562,0.0937552357055408,0.0890496533477757,-0.0235124297344736,0.0459962864721786,-0.00907773241293151,-0.0128181838837686,0.0751104390107809,0.0862900777432071,0.110022402520872,0.0820440057366736,0.134394132478497,0.118151092898115,0.416642839508976,0.110680651044822,0.0419159177982356,0.0876543922497587,0.0713770374337767
"SL337489",4.56434621062318e-09,1.49182091288028e-09,2.4312868622378e-09,1.42834703902597e-09,3.03592500569971e-09,1.86848968609155e-09,1.21534745408252e-09,1.17449479104305e-08,8.97821769288302e-10,5.81893598411263e-09,1.52058954243718e-09,4.04247311444083e-07,1.53916313896344e-09,1.54933679888835e-09,1.06389095210069e-09,0.176294246250863,0.111931075599846,0.230246590777673,0.197227382933683,0.231620932661263,0.266353725603461,0.196608598073184,0.248176999969166,0.141051343343399,0.138880310918174,0.11207577050354,0.133166608643851,0.082483297135274,0.140254700100677,0.216435962789849,0.223127379082398,0.235949317515361,0.174724455598108,0.166499157683717,0.368367047979413,0.150869225039172,0.268632779349581,0.211964639551459,0.112645233126662,0.0871055457410571,0.0306512628516238,-0.114756013005595,0.302637118339394,-0.111855026387921,0.0593089530735349,0.327231510947569,0.280773971015003,0.363154777807367,0.44999685807214,0.138658690636757,0.241460679759033,0.227996669788943
"SL356005",3.13957044476465e-08,1.49182787107582e-09,2.4312982023184e-09,3.15052714832601e-09,3.03593916595155e-09,1.86849840115679e-09,3.11022719332973e-09,1.59965114374818e-09,8.97825956935341e-10,2.00284708888081e-08,1.52059663481621e-09,1.8836776499693e-06,1.539170317974e-09,1.54934402535119e-09,2.34664072236768e-09,0.158573759733938,0.107570461965227,0.212217379974397,0.144131747770165,0.12439438652015,0.202763859023041,0.0954772534697045,0.168328526213643,0.0454421839644373,0.037730119187462,0.0412790263663319,0.0849866461095789,0.00148949140337082,0.120576454350428,0.115978613104647,0.12435160773386,0.182910541676138,0.151810896020403,0.140433580277092,0.310783837961011,0.106830980973088,0.172209840157892,0.182051783044711,-0.0598648255398702,0.0138630223834044,-0.0110647808874286,-0.223178325658912,0.230482377579428,-0.291456307976192,-0.0721252731824468,0.175177811372443,0.201052564472823,0.264335101168901,0.433815620817103,0.119989861590874,0.226631929053115,0.204311316952559
"SL356021",4.56436777424674e-09,1.49182796078224e-09,2.43129834851695e-09,1.42835378705438e-09,3.03593934850829e-09,1.86849851351312e-09,1.21535319582379e-09,1.71110708435085e-08,8.97826010923308e-10,7.92533796922196e-10,1.52059672625255e-09,9.04582324619363e-06,1.53917041052721e-09,1.54934411851617e-09,1.06389597830663e-09,0.16721569832822,0.112919384513014,0.289153519239436,0.207829366505836,0.214741961901391,0.293647262069704,0.227886787151403,0.276696836252905,0.165571633231509,0.164727756265328,0.074907997647756,0.112537975704231,0.0962812026317443,0.0725793278768816,0.205793992750123,0.235926541275445,0.212423479183911,0.167187868191914,0.206290003512936,0.382984671790014,0.192981307754314,0.282253958196752,0.16208030693294,0.0976255486090016,0.0306627484585614,-0.0120577435269326,-0.124706077154757,0.309792404440109,0.0430471394325511,0.0372309043112895,0.337682767989667,0.307398850793771,0.242589477345576,0.442417167075274,0.158595104394632,0.324297665647677,0.295510322767418
"SL356038",1.0397129434145e-08,1.62582179673034e-09,2.3504414435012e-09,1.86577125462686e-09,3.08810733217542e-09,2.0998185095295e-09,1.43887719840501e-09,2.73419872091367e-08,1.37739974783069e-09,2.02588413408071e-08,1.69720102406886e-09,5.24600653979224e-08,1.32730745255132e-08,1.66905017343431e-09,1.19744315070852e-09,0.183181184357004,0.11792613127587,0.230262186444325,0.207851248685271,0.235495898403154,0.263572228813242,0.219416584616978,0.240514008484517,0.138186966924928,0.127645329398135,0.113164681562638,0.121046744780624,0.151057450884376,0.147203104824417,0.219893283100396,0.222339852293628,0.311250732665079,0.230708190293498,0.187265338019978,0.355198646536582,0.170787177354777,0.254672576112021,0.186550948560986,0.118793725856185,0.0518448605097582,-0.0213439622755548,-0.0822772311416374,0.310099062289348,-0.0152472912278193,0.0134960322272408,0.307623206540043,0.302804397891771,0.202007438772488,0.418067798373399,0.136009939347077,0.249132496564104,0.228739172061321
"SL359722",9.45550449259449e-08,1.62583286979185e-09,2.35045745176406e-09,1.8657839619235e-09,3.08812836449428e-09,2.09983281086287e-09,1.43888699823409e-09,2.73421734285039e-08,1.37740912895238e-09,9.16915664351474e-10,1.69721258327625e-09,2.0466709632425e-07,1.57487775092935e-09,1.66906154091337e-09,1.1974513061913e-09,0.173222933473592,0.107754906362058,0.216389478384219,0.20836318649013,0.208727227069226,0.272165188960953,0.218689468329078,0.273983992002708,0.135226446820405,0.119676352588089,0.13123589533488,0.151318824330674,0.165559127958561,0.147073887725617,0.245232923533739,0.239813101614319,0.246586501955319,0.206114668367673,0.201461523183967,0.359780238347101,0.163404308720338,0.269350369481049,0.227723703862746,0.100312493919033,0.0170079612957493,0.0287899591022595,-0.052550142318447,0.339419144983516,-0.052150918397498,0.0428224748515406,0.309504975007792,0.317288890448135,0.289107601087933,0.432883103907529,0.123523050590844,0.224203196656322,0.222162563395443
"SL362815",1.03971066158125e-08,1.62581822857795e-09,2.35043628504331e-09,1.69678080100318e-08,3.08810055477977e-09,2.0998139011078e-09,1.43887404053547e-09,1.49715476969848e-09,1.37739672488425e-09,3.7217587479135e-09,1.69719729926217e-09,2.04665253222913e-07,1.57486356858475e-09,1.66904651040962e-09,1.19744052270854e-09,0.174229862985787,0.0990094000740791,0.223121781009815,0.23591237561512,0.219608397060859,0.302223331278323,0.222076851725503,0.27537633059527,0.302871524440926,0.138508511975923,0.148969199975184,0.142196031006212,0.157499438432187,0.213518493001429,0.243094239091176,0.23206391093676,0.315432476013249,0.234477630877024,0.257641103159091,0.35826902772017,0.201845364668552,0.29691141565242,0.190760689415641,0.119832293726669,0.0661365566746725,0.0118965999449182,-0.093331133945313,0.334058642747874,-0.122151740902763,0.0314285356252368,0.33503269762017,0.301516042909809,0.33734729587465,0.456872275750311,0.112544204250425,0.234636596222841,0.231464881125162
"SL362825",2.05821653451727e-07,1.57644056342835e-09,1.57644056342835e-09,1.57644056342835e-09,1.57644056342835e-09,1.57644056342835e-09,1.57644056342835e-09,2.21318508334343e-08,4.93851538842249e-08,1.57644056342835e-09,1.57644056342835e-09,2.26895618906095e-05,1.57644056342835e-09,1.57644056342835e-09,1.57644056342835e-09,0.189876815114961,0.130479696589644,0.229733517240859,0.272708649626232,0.283342011926118,0.34020877738199,0.295429900741184,0.362333848039398,0.237223059311093,0.193728282586357,0.215051908682508,0.20195157461603,0.244882443069404,0.179527945236595,0.336024471805991,0.318481293110542,0.343271607957374,0.287526512771092,0.246534401856415,0.383408485607729,0.2536007089633,0.371136692735891,0.25443482425107,0.19664011356015,0.0945587922553557,0.0723924462038372,0.0892420613891245,0.391323905220468,-0.00237520124377893,0.162784293368846,0.391689380593189,0.388452085980186,0.284905714812122,0.439238393374372,0.139381815538188,0.224036611001453,0.262018373781781
"SL362826",1.57644074846787e-09,1.57644074846787e-09,1.57644074846787e-09,2.59902832795842e-07,1.57644074846787e-09,1.57644074846787e-09,1.57644074846787e-09,1.57644074846787e-09,1.57644074846787e-09,1.57644074846787e-09,1.62993848580896e-07,2.2689564553866e-05,1.57644074846787e-09,1.57644074846787e-09,1.57644074846787e-09,0.198220167244142,0.133104516587282,0.207429954594573,0.199674465831241,0.18651456805554,0.268830068230759,0.180102315745943,0.251865913862564,0.108673053484819,0.0837916299490696,0.0702718928219453,0.115874663539702,0.0956023323501695,0.200659543508654,0.193874332829028,0.180877883025616,0.251140718796028,0.196518176973057,0.202012408259355,0.346438674878564,0.168012017252138,0.257424368759496,0.196622978060935,0.00438438236228662,-0.00940235935866541,0.0142081553319444,-0.14999510450334,0.284463063291323,-0.187249945481296,-0.00629606258174928,0.281932184326624,0.247418979662712,0.283340447056048,0.416627506245662,0.116285242828826,0.202634035786165,0.23104741233862
"SL362827",1.57644100834756e-09,1.57644100834756e-09,1.57644100834756e-09,1.57644100834756e-09,1.57644100834756e-09,1.57644100834756e-09,1.57644100834756e-09,1.57644100834756e-09,1.57644100834756e-09,1.57644100834756e-09,1.57644100834756e-09,2.26895682942902e-05,1.57644100834756e-09,1.57644100834756e-09,1.57644100834756e-09,0.195813611995955,0.118349574861003,0.219278557952295,0.245418470025687,0.24097291754171,0.317953963389578,0.212574150139724,0.312596127116077,0.213681595121286,0.151769660391326,0.187965943189778,0.177676372141513,0.163947903688369,0.187818780640898,0.282307386128288,0.261329415375877,0.304614150109911,0.222542993738456,0.286508719870547,0.360112523050516,0.221097457902957,0.334675878681376,0.222222116641876,0.13399381919951,0.140326594192931,0.070306609856292,0.0136620939509876,0.341070832516666,-0.072241193042812,0.100562740244158,0.350304248255809,0.323918067672222,0.324562599997402,0.447795363961969,0.113243584376238,0.226153750380085,0.235186726101684
"SL362828",3.48309780142256e-08,1.57644019689152e-09,1.57644019689152e-09,2.26895566150791e-05,2.0321530707075e-09,1.57644019689152e-09,1.57644019689152e-09,1.57644019689152e-09,1.57644019689152e-09,2.44274930073309e-09,2.01238183899255e-06,1.62993791551443e-07,1.57644019689152e-09,1.57644019689152e-09,1.57644019689152e-09,0.188639560023762,0.11480558084102,0.251441337549261,0.298526627487477,0.304913823261025,0.370527610444646,0.312992269779506,0.383499054652982,0.292687176376165,0.195463613815491,0.24958071141693,0.217720017824202,0.257706135040009,0.282062341128378,0.374577450282013,0.336726472421156,0.344115242245121,0.282089584534135,0.288156832230418,0.377988334978829,0.299336242939147,0.40053271522275,0.258075871632088,0.220459591062719,0.166442738174715,0.0972796467164077,0.162418554133764,0.408911883405015,0.0213896510391755,0.196201872517712,0.410101992964656,0.402618082453938,0.355431302457281,0.429733907220332,0.122515410261842,0.272376386284186,0.280201126253861
"SL362829",7.14536755874093e-08,1.57644063432789e-09,1.57644063432789e-09,1.57644063432789e-09,1.57644063432789e-09,1.57644063432789e-09,1.57644063432789e-09,1.57644063432789e-09,3.26045963080838e-08,3.26045963080838e-08,1.57644063432789e-09,2.0123823973956e-06,1.57644063432789e-09,1.57644063432789e-09,1.57644063432789e-09,0.20664940553272,0.145925489109649,0.278787036945245,0.252584364423164,0.259706595506443,0.323789326374899,0.256536040588759,0.322336191714318,0.204229365857061,0.16480759590619,0.189577780005634,0.161763098753409,0.198295134918337,0.213134159215612,0.310515254748372,0.280592113246844,0.301474748372824,0.22753243609347,0.255602510361223,0.363582251041909,0.24110577014339,0.342470115752329,0.219151726875163,0.145107094066717,0.08345756582871,0.0587047024586525,0.0504438312130433,0.334821855933945,-0.0690331116643961,0.122321309044817,0.34964623965035,0.349916539961537,0.346776398841161,0.419717438082527,0.158357149662426,0.303607548973308,0.305726199297463
"SL362830",1.02337854840655e-07,1.57644080787362e-09,1.57644080787362e-09,1.57644080787362e-09,1.57644080787362e-09,1.57644080787362e-09,1.57644080787362e-09,4.9385161541962e-08,1.57644080787362e-09,1.57644080787362e-09,1.57644080787362e-09,1.01397505760572e-06,1.57644080787362e-09,1.57644080787362e-09,1.57644080787362e-09,0.22160671704444,0.185746478807504,0.254783804375957,0.206991832916102,0.184955870950744,0.278565521868638,0.177446173807634,0.237947893343428,0.159923476391071,0.101909441967699,0.0965435875674846,0.116639041677447,0.0906182760820026,0.161352420387362,0.204633151514524,0.2052203207539,0.260024699016812,0.183640291239914,0.224333203726911,0.346858080286727,0.190827373486279,0.256802543268476,0.1752440970825,0.049121100443448,0.0852559957545968,0.0114241859794669,-0.157895979198802,0.281314045109549,-0.064445188749204,0.000324257823846395,0.300465212134036,0.273213967720291,0.294248704412488,0.428885162570041,0.142233998062349,0.243665045567779,0.301995355468661
"SL362831",1.57644031498171e-09,1.57644031498171e-09,1.57644031498171e-09,1.57644031498171e-09,1.57644031498171e-09,1.57644031498171e-09,1.68627893610464e-08,1.57644031498171e-09,1.57644031498171e-09,7.56201620432918e-09,1.57644031498171e-09,2.01238198973887e-06,1.57644031498171e-09,1.57644031498171e-09,1.57644031498171e-09,0.190466393589675,0.111490384511593,0.207522766202657,0.193191094481277,0.176009603403358,0.246093774300471,0.137637975546902,0.209680090908858,0.125590337834907,0.0803896503140424,0.075579643060338,0.124768377122238,0.0844210907544336,0.208353205008919,0.18299120731435,0.175782219919085,0.283802739173734,0.20027325433326,0.212468909383299,0.335282193274347,0.147164369582542,0.219351403290753,0.206636741206792,0.0640644561074136,0.0805497063911409,0.0299436445327301,-0.145111625628374,0.276302814814903,-0.230497874813235,-0.0303046726829215,0.269895605662664,0.251769673450039,0.304249930297769,0.44036152430245,0.107300968981017,0.216452039999812,0.222160265235884
"SL362832",8.94025865254055e-08,1.57644044152543e-09,1.57644044152543e-09,1.57644044152543e-09,1.57644044152543e-09,1.57644044152543e-09,1.57644044152543e-09,1.57644044152543e-09,1.57644044152543e-09,1.57644044152543e-09,1.57644044152543e-09,2.01238215127641e-06,1.57644044152543e-09,1.57644044152543e-09,1.57644044152543e-09,0.162548622981293,0.0988546261708628,0.170438339114919,0.159664342855437,0.158235462854344,0.214597024473305,0.123794609184601,0.179678212629275,0.0441983756580876,0.047506255942672,0.0452017289512995,0.0915022559743579,0.0330826960423724,0.124321811009849,0.132765277666535,0.156741545545717,0.244351686572366,0.16181523203357,0.149249651489226,0.339760460347799,0.110991474812237,0.197024250048051,0.223937728092277,-0.00951251356233794,0.0324515385379581,-0.00594945893500218,-0.1521376884827,0.253836808897275,-0.256811647296067,-0.0323861278840139,0.238842735950517,0.222447959244385,0.227576121911121,0.442004657301737,0.106468024013102,0.169216721252766,0.168823959176994
"SL362833",4.9385156556763e-08,1.57644064873936e-09,1.57644064873936e-09,1.57644064873936e-09,1.57644064873936e-09,1.57644064873936e-09,1.57644064873936e-09,1.57644064873936e-09,1.57644064873936e-09,1.57644064873936e-09,1.57644064873936e-09,2.26895631184829e-05,1.57644064873936e-09,1.57644064873936e-09,1.57644064873936e-09,0.169212265077492,0.103344070629711,0.153973379498334,0.159480771700324,0.146716782866397,0.206875161393606,0.128365412985749,0.184446492742364,0.0242682657298351,0.0195570728424644,0.0248830770373419,0.111614172218423,0.051798487315843,0.160392953312368,0.149324471998968,0.148899139610757,0.27063583078591,0.18330253971626,0.132141987093704,0.328747435047127,0.0972221549544762,0.181495394905595,0.233963976985969,0.0407389902767984,0.242305151591484,0.0169780095788848,-0.205217982681759,0.273214965122827,-0.253420231638116,-0.0531696824812736,0.246990918818976,0.218076575439265,0.172094820368317,0.448392404249941,0.097593635300035,0.127123091552709,0.168661898720459
"SL362852",1.57644059570262e-09,1.57644059570262e-09,1.57644059570262e-09,1.57644059570262e-09,1.57644059570262e-09,1.57644059570262e-09,2.45119556891652e-08,1.57644059570262e-09,1.6299383278595e-07,1.57644059570262e-09,1.57644059570262e-09,1.01397492113621e-06,1.57644059570262e-09,3.98389275008428e-08,1.57644059570262e-09,0.150528415599754,0.0837859907298766,0.157240074231914,0.142591733831662,0.142469978923371,0.195803254992916,0.115499541725423,0.170415890816965,0.0194576217590373,0.0117812082869428,0.013517114285915,0.0903902802772318,0.0454389350013235,0.124543063170522,0.132709631634403,0.144194352083676,0.236356389520545,0.157188779859052,0.117268961183388,0.320097765058247,0.0882001423763977,0.171993836446198,0.211181402847382,-0.0470112521623488,0.167033835049027,0.000673505529683433,-0.195810268411628,0.259850864713335,-0.258275574639173,-0.053282782823015,0.244584904114493,0.215852810510936,0.128030610953148,0.473273620621204,0.0909344981871875,0.138234479880559,0.157052271012499
"SL362853",2.59902813591274e-07,1.57644063198255e-09,1.57644063198255e-09,5.38267711587469e-08,1.57644063198255e-09,1.57644063198255e-09,1.57644063198255e-09,1.57644063198255e-09,1.57644063198255e-09,1.57644063198255e-09,1.57644063198255e-09,2.26895628773037e-05,1.57644063198255e-09,1.57644063198255e-09,1.57644063198255e-09,0.19539355717547,0.12138639679471,0.20411873107304,0.272944094809567,0.276020762034739,0.328057465952329,0.285608109445943,0.354117807680678,0.220483744744339,0.14938311887185,0.23672633380869,0.226905274675208,0.243627624066195,0.261051521555198,0.359925886178286,0.325368724016646,0.365451739946937,0.300150265289207,0.258906720931655,0.35251730550058,0.256179488707104,0.357977583565351,0.273293476468198,0.250204956494532,0.222320369861158,0.11248816816984,0.124305176765168,0.3880751927337,-0.00525429125859429,0.186323447332678,0.384859280268506,0.3933488070094,0.263969833850044,0.443137590850707,0.110853708988125,0.193258593907298,0.224360193081688
"SL362854",6.47459310533929e-08,1.57644092188228e-09,1.57644092188228e-09,1.57644092188228e-09,1.57644092188228e-09,1.57644092188228e-09,1.57644092188228e-09,1.57644092188228e-09,1.57644092188228e-09,1.57644092188228e-09,1.57644092188228e-09,2.01238276446898e-06,1.57644092188228e-09,1.57644092188228e-09,1.57644092188228e-09,0.175043795119419,0.111240630008586,0.244775392525731,0.19270246956557,0.209696219412509,0.256574423190696,0.155275088386008,0.220797349821992,0.134936385417753,0.0876875263753599,0.0823978680277023,0.113708010529206,0.0833096338256096,0.141324763664467,0.201817866326567,0.203572242760808,0.268000022924165,0.179945703048247,0.194521783411857,0.345758643364972,0.180799247052075,0.23905840417096,0.16801355221283,0.057547598822951,0.139833204333629,0.0110935238946808,-0.147420742412275,0.272348017589355,-0.00954126171791905,-0.00399457482780815,0.288286865482038,0.282466573501196,0.282754013426048,0.437595456426845,0.121668926469841,0.274996785671487,0.251122241616216
"SL362855",4.93851453810161e-08,1.57644029199448e-09,7.14536600708211e-08,1.57644029199448e-09,1.57644029199448e-09,1.57644029199448e-09,1.57644029199448e-09,1.57644029199448e-09,1.57644029199448e-09,1.1714460486399e-07,1.57644029199448e-09,1.01397472578953e-06,1.57644029199448e-09,1.57644029199448e-09,1.57644029199448e-09,0.189641525088541,0.122705035634113,0.258235983207368,0.293554807120041,0.356243229923661,0.337194620605668,0.3326462087652,0.358787193521254,0.233137314266539,0.204411378019025,0.253394611284174,0.242772316581817,0.285043637451351,0.279466773198978,0.363824617569612,0.348686939995457,0.344861761105903,0.3416233408519,0.270000500313534,0.377914955351053,0.261997491200486,0.367997613186407,0.324419638477358,0.271372851261194,0.149924933795156,0.0866130098993747,0.133790752697325,0.456164278180428,0.112494895829515,0.190305334927205,0.402738731350436,0.416109957253047,0.473444458804205,0.448252250389889,0.143943260445673,0.257414113342057,0.300167134174004
"SL362856",1.0233787618078e-07,1.57644113660285e-09,1.57644113660285e-09,1.57644113660285e-09,1.57644113660285e-09,1.57644113660285e-09,1.57644113660285e-09,6.47459398721713e-08,1.57644113660285e-09,1.57644113660285e-09,1.57644113660285e-09,2.26895701402566e-05,1.57644113660285e-09,1.57644113660285e-09,1.57644113660285e-09,0.182980184672348,0.119665133087646,0.241719957251068,0.210177666212974,0.226152820200302,0.277279280585185,0.199914033266832,0.261514759265502,0.136799296864157,0.107492893776298,0.132475537691303,0.136322329461262,0.115202340274134,0.198100002006827,0.243647714962635,0.238640949826406,0.260014005473267,0.184542841995625,0.204670995759938,0.34774518655856,0.198436331852463,0.268632112042403,0.254801385690859,0.0936379902777473,0.10955596829376,0.032362042909877,-0.00829456699767194,0.321035840656923,-0.111334776869391,0.07327004730433,0.326874989146542,0.306748779412901,0.324162635284971,0.427427005468166,0.134754240148762,0.275749345562707,0.237509656749089
"SL362857",1.62993816040889e-07,7.992585670448e-08,2.59902780908977e-07,1.57644043374807e-09,1.57644043374807e-09,1.57644043374807e-09,1.57644043374807e-09,1.57644043374807e-09,1.43365898995946e-08,1.57644043374807e-09,1.57644043374807e-09,2.01238214134834e-06,1.57644043374807e-09,1.57644043374807e-09,1.57644043374807e-09,0.179799779490522,0.108702588459753,0.21438724887387,0.162840337505324,0.170280118774531,0.21249506287741,0.125402269323013,0.164299449978462,0.0398272911785469,0.0803211186775445,0.0310880982439737,0.0875803372768586,0.0550381133714936,0.123394978381928,0.142340413021932,0.157363225001285,0.266914601729251,0.164242584392758,0.158182836463414,0.344819945784806,0.106754976615636,0.161167127285624,0.229190148223663,0.0163078478263347,0.112415716073861,-0.020715051917659,-0.226838634592598,0.258438375647176,-0.0931407241971322,-0.0747052165183823,0.273495723195218,0.234659594466875,0.276443368335472,0.432119345928431,0.115575704732282,0.231114054486975,0.216668821257847
"SL362859",4.9385148724652e-08,1.57644039872784e-09,1.57644039872784e-09,1.57644039872784e-09,1.57644039872784e-09,1.57644039872784e-09,1.57644039872784e-09,1.57644039872784e-09,1.57644039872784e-09,1.57644039872784e-09,1.57644039872784e-09,2.59902775135302e-07,1.57644039872784e-09,1.57644039872784e-09,1.23864645654663e-08,0.202471288513366,0.122853615839684,0.228429005404618,0.232278549469751,0.190726856540112,0.291969208289008,0.187785901012408,0.280503418063086,0.213577098543843,0.13834561346368,0.128508281179012,0.153729868817969,0.134545475438188,0.22689696511538,0.229301446645258,0.220570487364158,0.296927839969423,0.219358392347563,0.274748059723516,0.345103845624812,0.194742868600913,0.294176375186432,0.249555395311697,0.0806144953215619,0.198478054490832,0.0411446035196847,-0.0712437497610127,0.325190558254564,-0.0904208947424981,0.0346946476246768,0.323412860678577,0.29199624807905,0.298893384173373,0.45190174297663,0.125606087443885,0.244894625340441,0.227921591387552
"SL362860",4.58964953994865e-08,1.57644076550405e-09,1.57644076550405e-09,1.57644076550405e-09,1.57644076550405e-09,1.57644076550405e-09,1.57644076550405e-09,1.57644076550405e-09,1.57644076550405e-09,1.57644076550405e-09,1.57644076550405e-09,2.59902835604543e-07,1.57644076550405e-09,1.57644076550405e-09,1.57644076550405e-09,0.191193190523647,0.120226304689026,0.22163738920742,0.265531171485416,0.292521520965044,0.338164686536274,0.267257156095664,0.344793105525614,0.238191935687927,0.172377269421481,0.190288514670068,0.191587647087402,0.218030018637825,0.193525521950298,0.297089719633947,0.283113775883817,0.337857034715463,0.264124134180353,0.273627645247839,0.371408003772508,0.257976206404085,0.366010095785969,0.304994830890377,0.197456674758886,0.194529915029049,0.0617705716205969,-0.0155327957990738,0.372907769261717,-0.00765290499511503,0.113414647982091,0.360691431038548,0.347081772066557,0.392324025794806,0.444756222723421,0.118674325161195,0.232687604971045,0.237574882731103
"SL362861",2.72883396527962e-08,1.57644041245625e-09,1.57644041245625e-09,1.57644041245625e-09,1.57644041245625e-09,1.57644041245625e-09,1.57644041245625e-09,1.57644041245625e-09,1.57644041245625e-09,7.99258556249803e-08,1.57644041245625e-09,2.26895597176821e-05,1.57644041245625e-09,1.57644041245625e-09,4.5896485120853e-08,0.190383343819462,0.116082694665464,0.177701655622379,0.223037943345319,0.228089706487837,0.298453356571792,0.187366699161778,0.289217986547038,0.179163467673819,0.121204965111607,0.128059408610385,0.155252599138156,0.114793729801985,0.139090692626024,0.228903191006758,0.221420946500485,0.314335389014827,0.219293052030993,0.224547129354837,0.357745765811694,0.208984976764982,0.297656346030784,0.258072173151869,0.115789972085918,0.164607693905978,0.0476126762460871,-0.140344747967138,0.325750955677604,-0.106721161168746,0.0334638317342752,0.338696961174616,0.280173673366402,0.357077957851877,0.458233173987261,0.0960188683849419,0.164100822287739,0.191754236803293
"SL362878",5.38267768698655e-08,1.57644079924578e-09,1.57644079924578e-09,1.57644079924578e-09,1.57644079924578e-09,1.57644079924578e-09,1.57644079924578e-09,1.57644079924578e-09,1.57644079924578e-09,1.57644079924578e-09,1.57644079924578e-09,5.12881057610282e-07,1.57644079924578e-09,1.57644079924578e-09,1.57644079924578e-09,0.173068138893942,0.0971658057460796,0.189941667062372,0.178573851304867,0.169335747337292,0.224888210421027,0.142920365209618,0.197510664986084,0.0490477696599519,0.0610147807159343,0.0604276187059447,0.112071786040675,0.0700413404047143,0.228428940614186,0.173512275702098,0.168900078561309,0.271519228227637,0.193654219468759,0.158415692771998,0.340312997833915,0.124040735394604,0.192326426151772,0.243834091132475,-0.00671472173332592,0.139765121916316,0.0155083793103432,-0.200540646166689,0.292921607518652,-0.137332834681059,-0.0371141636847597,0.261505466735757,0.236663419446214,0.359242582622998,0.433108289074379,0.0961080570625514,0.204005938613096,0.19419176524945
"SL362879",1.57644120245202e-09,1.57644120245202e-09,1.57644120245202e-09,5.12881188789862e-07,2.0123831226262e-06,1.57644120245202e-09,1.57644120245202e-09,1.57644120245202e-09,1.57644120245202e-09,1.57644120245202e-09,1.57644120245202e-09,1.57644120245202e-09,1.57644120245202e-09,1.57644120245202e-09,1.57644120245202e-09,0.178739311197521,0.105075515288835,0.181125024612515,0.248127975942697,0.255798632333797,0.305112672243814,0.254753320982562,0.311339449915159,0.186314316370116,0.136413467701922,0.195308153913575,0.193424353942025,0.212465492593233,0.230268140854636,0.30944704304048,0.281650396000444,0.336612086366001,0.271423962028782,0.224382822821604,0.35360646555445,0.225181959062852,0.313932502880824,0.243599429047379,0.180209624218591,0.136957118934459,0.081681190631963,0.0495964824971863,0.371264023137337,-0.0947837904818337,0.129621547585916,0.377866641671697,0.345894701981308,0.285074535894352,0.420570798980274,0.104114114688848,0.166921154870764,0.207683296285127
"SL362880",1.57644030862391e-09,1.57644030862391e-09,1.75825241499727e-08,1.57644030862391e-09,7.13653791425993e-09,1.57644030862391e-09,7.13653791425993e-09,1.57644030862391e-09,1.57644030862391e-09,1.17144606099716e-07,1.57644030862391e-09,1.01397473648566e-06,2.87898866767738e-08,1.57644030862391e-09,7.14536608245657e-08,0.188168905147391,0.131069895127431,0.20711991866584,0.189204599423308,0.169260844202904,0.245492027042422,0.164679230345828,0.237974157839884,0.0749930167790795,0.0708500095171624,0.0699816024258832,0.115559172529921,0.10670306606681,0.177379804940163,0.186226903735078,0.18107380836079,0.277988956555513,0.192866433380985,0.194339928277221,0.336849195270882,0.135005198798859,0.244942457098756,0.249186086911902,0.0137597900278296,0.195503076956413,0.026940216528029,-0.121810499202002,0.285471317896709,0.0387711689214084,0.00398494662329293,0.272842299943186,0.242174290198496,0.208421459311573,0.452093171715539,0.133889445328114,0.208709065828736,0.220270032583017
"SL362881",3.16148777401078e-09,1.57644023604854e-09,1.57644023604854e-09,1.57644023604854e-09,7.1453657535018e-08,8.01022959767065e-09,1.57644023604854e-09,1.57644023604854e-09,1.57644023604854e-09,4.35329004802344e-09,1.57644023604854e-09,8.01022959767065e-09,1.57644023604854e-09,1.57644023604854e-09,1.57644023604854e-09,0.189402522957262,0.11021978464952,0.208627260142246,0.259605694704524,0.261907312784443,0.312584326447691,0.273275358535881,0.329434383038363,0.205988411637362,0.14391616485249,0.224957213155446,0.200338314811504,0.230145634269539,0.3019120230456,0.338708118019426,0.301068769696438,0.312944521594528,0.293347177843024,0.237033312218793,0.360943951041935,0.23178363389246,0.330069709091554,0.272497220128875,0.181831598385229,0.0518352812048685,0.076260103554579,0.100319619581906,0.386531867316985,-0.0818572913193935,0.148866572694683,0.35692994421664,0.370725941172922,0.392078823807179,0.414724744825916,0.10859547888249,0.200709805730933,0.244213395611515
"SL362882",4.93851471544671e-08,1.57644034860543e-09,1.57644034860543e-09,1.57644034860543e-09,1.57644034860543e-09,1.57644034860543e-09,1.57644034860543e-09,1.57644034860543e-09,1.57644034860543e-09,1.57644034860543e-09,1.57644034860543e-09,2.59902766871778e-07,1.57644034860543e-09,1.57644034860543e-09,1.28198823528384e-08,0.188821699651827,0.128752004128951,0.159785866331345,0.176433309200241,0.164152261273768,0.240689129611456,0.124539452945948,0.20188167921471,0.081259416744863,0.0676215560436254,0.045116382430928,0.0985446236055523,0.0669133157543637,0.137138499980803,0.163969485865973,0.166652425758073,0.262447766669856,0.176191780807625,0.16833041898062,0.346149353791952,0.132094484838264,0.218066052884938,0.233551445117832,-0.00102616468228491,0.214760653547799,-0.00345032654464026,-0.209725086544826,0.269707675781569,-0.117895036472382,-0.0435443144695899,0.289602668781812,0.231570729781686,0.322413000285739,0.442976866014933,0.0866599295952303,0.134556072913793,0.175821776314514
"SL362883",2.87898864771778e-08,1.57644029769468e-09,1.57644029769468e-09,1.57644029769468e-09,1.57644029769468e-09,1.57644029769468e-09,1.57644029769468e-09,1.57644029769468e-09,1.57644029769468e-09,2.58651027741371e-08,1.57644029769468e-09,5.12880894435074e-07,1.57644029769468e-09,1.57644029769468e-09,1.57644029769468e-09,0.187417606561977,0.115911508497533,0.209006467818506,0.229232260612924,0.234733144177527,0.299268445267894,0.216970324906185,0.289152516724664,0.170413332301208,0.121145252729057,0.142432320841911,0.132900917535319,0.129004039735625,0.221982149757502,0.241315764892144,0.22416594608639,0.29837220880246,0.22152737828173,0.242851970490778,0.348942331661129,0.2186672823626,0.302254699135392,0.198808691425415,0.142066643489649,0.119628111258369,0.0359209657754988,-0.0488584996700735,0.3094295194998,-0.0772802576796107,0.0399556959693698,0.32097051023815,0.292856269924155,0.273220769295307,0.439584633010369,0.108173731899004,0.225148636500663,0.207290700490354
"SL362884",1.5764402064659e-09,1.17144598508398e-07,1.5764402064659e-09,1.55371529850927e-08,5.12880864754597e-07,1.5764402064659e-09,5.86678415971203e-08,1.5764402064659e-09,1.5764402064659e-09,3.42720949001587e-09,1.5764402064659e-09,2.59902743437681e-07,2.32337594754522e-09,1.5764402064659e-09,3.42720949001587e-09,0.174784921010488,0.0899318512179519,0.17025908172873,0.197781815919882,0.204558638238303,0.248150239694551,0.166759131809374,0.221632761078449,0.12530517308141,0.0828219989388393,0.0509577576162278,0.120634791936481,0.0912223822756337,0.241141568633051,0.182365095379695,0.188759520860581,0.277719633180105,0.21440073217802,0.20197830679705,0.346610203685286,0.137793389489828,0.227411087044488,0.274557746081372,0.0166593736580583,0.272387665118363,0.0103827937323627,-0.217021727216607,0.285815618501359,-0.0642905109457233,-0.0202255235957253,0.316282841008033,0.250006207558835,0.260900288094635,0.436731313483257,0.0810870314862731,0.162818292624632,0.184150098852424
"SL362886",1.5764403509153e-09,1.5764403509153e-09,1.5764403509153e-09,1.5764403509153e-09,1.5764403509153e-09,1.5764403509153e-09,7.14536627414632e-08,1.5764403509153e-09,1.5764403509153e-09,5.38267615618471e-08,1.5764403509153e-09,1.01397476368771e-06,1.5764403509153e-09,1.5764403509153e-09,2.87898874491242e-08,0.177739045624738,0.103182382194666,0.191215039539634,0.188594796104948,0.23099144163989,0.233335167233005,0.158932687993173,0.215878254120416,0.104834262560851,0.0829978041713502,0.0650935052847387,0.113336634122864,0.0781944254843209,0.194802419812988,0.176904514277638,0.177842342854196,0.295332352667849,0.198706065613748,0.161572673508491,0.337617944312008,0.131150543193026,0.21638179316863,0.281717072090303,0.0252118382202105,0.142955513134894,0.0113581851493886,-0.175114781503894,0.28972949550263,-0.112917529389623,-0.0364345571294547,0.280372163903158,0.250424344374981,0.303064523901695,0.43106495245447,0.101258318615619,0.203231540523336,0.190189158129468
"SL362887",1.62993798282011e-07,1.57644026198809e-09,1.57644026198809e-09,1.57644026198809e-09,4.5572014814997e-09,4.5572014814997e-09,7.14536587107528e-08,1.57644026198809e-09,1.57644026198809e-09,4.5572014814997e-09,1.57644026198809e-09,4.72481208787928e-06,1.57644026198809e-09,1.57644026198809e-09,1.61725160678839e-08,0.166840269871185,0.0905479583971766,0.160464520153121,0.164303626907637,0.143936863116752,0.205889734165987,0.101227705290155,0.157214374975519,0.0487910710317865,0.0450216119428682,0.0447657354911815,0.0806095847414511,0.0344459239921412,0.221723682998667,0.143492283220897,0.153335095460141,0.235102813734364,0.159852772724216,0.157713469956256,0.326636214226788,0.102656199884509,0.172365772828156,0.257199312076114,-0.0727867231506068,0.15362667771818,-0.0205994122583704,-0.215711736957845,0.240295584673519,-0.0787201157835966,-0.0663486125984152,0.269239993066625,0.214900245757603,0.269655190325781,0.448612308695215,0.0877290131747529,0.1442622569881,0.17149679036375
"SL362888",1.62993803182676e-07,1.57644030938625e-09,1.57644030938625e-09,1.57644030938625e-09,1.57644030938625e-09,7.78516618504141e-09,1.57644030938625e-09,1.57644030938625e-09,1.57644030938625e-09,1.57644030938625e-09,1.57644030938625e-09,4.72481222993818e-06,1.57644030938625e-09,1.57644030938625e-09,2.10859791411661e-08,0.194598199216703,0.108073928101415,0.193346807897227,0.238624497791625,0.245701068393919,0.297909968823149,0.215748068968673,0.311511759790036,0.168138572225973,0.126046174609836,0.164774183287361,0.169162041265415,0.161220169998593,0.26585701208656,0.276237680365066,0.256466860338664,0.301044954938614,0.243511538243977,0.2269055706841,0.355431740165466,0.209624413843069,0.322043205064184,0.299843404002776,0.0947312267244113,0.13893583903115,0.0668236687090287,-0.0563050821670735,0.352915387225949,-0.0537382051603124,0.106867373597782,0.330114327283302,0.318770491153285,0.363597531510314,0.433359799899424,0.105598829220173,0.201287041182819,0.196624384978818
"SL362889",1.37697593506178e-08,1.57644041996281e-09,1.57644041996281e-09,1.57644041996281e-09,1.57644041996281e-09,1.57644041996281e-09,1.57644041996281e-09,8.94025853025536e-08,1.57644041996281e-09,1.37697593506178e-08,1.57644041996281e-09,2.59902778636246e-07,1.57644041996281e-09,1.57644041996281e-09,2.3229592257671e-08,0.193500723920603,0.118549893806603,0.21446162133891,0.198020415448411,0.184628520389345,0.255896858126027,0.1564523095374,0.247946149579293,0.110790023770332,0.095400727349836,0.0764750930038039,0.131007816586346,0.0514851486793161,0.196973819641092,0.193812179240768,0.181668789451665,0.289295174931418,0.213866573515609,0.207755826924622,0.345654304681964,0.160299203516797,0.250944669982212,0.264920884168941,0.0278906699311442,0.236471903021787,0.0252783999070117,-0.139018477106511,0.317759492732269,-0.180924479685676,-0.00729315874061265,0.289002620000728,0.24783032424821,0.350496921224002,0.435840098165831,0.125304380181948,0.222016517555126,0.218935462873
"SL365876",1.01397505953826e-06,1.57644081087818e-09,1.57644081087818e-09,1.57644081087818e-09,1.57644081087818e-09,1.57644081087818e-09,1.57644081087818e-09,1.38180523330558e-07,1.57644081087818e-09,1.57644081087818e-09,1.57644081087818e-09,2.26895654521318e-05,1.57644081087818e-09,1.57644081087818e-09,1.57644081087818e-09,0.203871615189735,0.147620747537948,0.308699910240646,0.234493520985696,0.222095928417244,0.313647105132142,0.211651787752333,0.271742495263115,0.25735144017664,0.13505137322128,0.0946500266450786,0.118078690014791,0.0920747504496495,0.197354703693563,0.21508149977104,0.219990135609579,0.261920036383653,0.195690363578335,0.26776674483185,0.370721301244835,0.22204135474069,0.296201511121992,0.192422440475208,0.0371499414035463,0.0655303811020077,0.00152397486345995,-0.127760011152034,0.303323096778354,0.0104226435466743,0.0165728712285296,0.329295981996532,0.286708531748614,0.297702786636242,0.467318388432637,0.16860062496096,0.329253065514565,0.341756676456419
"SL365899",1.02337851705355e-07,1.57644075957658e-09,1.57644075957658e-09,1.57644075957658e-09,1.57644075957658e-09,1.57644075957658e-09,3.98389316421741e-08,1.57644075957658e-09,1.57644075957658e-09,1.57644075957658e-09,1.57644075957658e-09,1.02337851705355e-07,1.57644075957658e-09,1.57644075957658e-09,1.57644075957658e-09,0.194260230464587,0.11377835192163,0.210365193128527,0.258666053724717,0.294263472357489,0.32030624551729,0.270910909797972,0.329636402666801,0.194406348820937,0.150892323724734,0.177065505994757,0.166142532364387,0.205442381770957,0.272730989939159,0.293993634596839,0.267121841023345,0.353624680665968,0.289380519037541,0.246607107384523,0.372186432437792,0.227153008652023,0.343946352111229,0.294611683112246,0.129712003968117,0.208154761858752,0.0438109372098101,-0.00185978077532959,0.348627707382782,-0.0371790756672711,0.09497431331413,0.344237075114083,0.333542931278838,0.335079704348958,0.437343706546768,0.108860807978119,0.213520890311378,0.229869119994058
"SL365900",1.57644024023283e-09,1.57644024023283e-09,1.57644024023283e-09,1.57644024023283e-09,2.59902749004728e-07,3.2604588157247e-08,6.56807044053723e-09,1.57644024023283e-09,1.57644024023283e-09,1.15745829564092e-08,1.57644024023283e-09,8.94025751097642e-08,3.3874405778405e-09,1.57644024023283e-09,6.56807044053723e-09,0.20830142164688,0.144373822056764,0.226940943655998,0.261970528337881,0.249775681148889,0.346542117165421,0.281171614046235,0.351570559779055,0.255785746051531,0.159375821446297,0.187509375893348,0.190979902725941,0.172857995328398,0.176451779795516,0.293664734038346,0.278888313345022,0.29522390436187,0.245456366112674,0.282244175367517,0.370315837796901,0.26275165854377,0.358986349057069,0.241247616709015,0.148424334141663,0.121763666620846,0.0662463954047356,0.0629862740863893,0.380028080669545,-0.0331446156031331,0.133794843974205,0.368807730365997,0.33687458100821,0.264987088223352,0.457623079559433,0.127970081053084,0.231372782630145,0.239430850994488
"SL365922",1.5764402219009e-09,1.5764402219009e-09,1.5764402219009e-09,4.26542620175818e-08,2.59902745982399e-07,1.5764402219009e-09,2.62022102704858e-09,1.5764402219009e-09,1.5764402219009e-09,1.5764402219009e-09,1.5764402219009e-09,1.5764402219009e-09,1.5764402219009e-09,1.5764402219009e-09,7.56201575783041e-09,0.184062947201798,0.107756417523889,0.178913812843359,0.202325823413971,0.18949997757151,0.246199288227747,0.160881942463089,0.223733362330208,0.095522022309144,0.0732134687668616,0.113604713070876,0.154826593538159,0.1231276339629,0.238907970442126,0.215866164531413,0.201694304969342,0.300120955952447,0.215828827442974,0.190128254790101,0.34824237520086,0.141877282600217,0.23208749408487,0.269161069230235,0.13346680834232,0.137478932828714,0.0606431334364719,-0.107735816026534,0.313718427261522,-0.180534649889611,0.0150839291512109,0.276955125045284,0.276412453502937,0.307960740514939,0.45261440500011,0.0911699439057177,0.171858082687891,0.200454137380496
"SL365923",2.0078461539473e-08,1.57644045894928e-09,1.57644045894928e-09,1.57644045894928e-09,1.57644045894928e-09,1.57644045894928e-09,1.57644045894928e-09,7.14536676382064e-08,1.57644045894928e-09,1.57644045894928e-09,1.57644045894928e-09,4.72481267819952e-06,1.57644045894928e-09,1.57644045894928e-09,1.57644045894928e-09,0.171267052939249,0.0898241152672124,0.170087455831312,0.178377556140851,0.173891301962372,0.224192618169433,0.0962088366422546,0.182326166463545,0.0970738725689666,0.0669468094810689,0.0682253495859743,0.101798684521503,0.0507664726750517,0.241158165155535,0.168759132804421,0.163991577398732,0.239399721691224,0.176233573943776,0.199107406633589,0.339539057292167,0.11113132494104,0.195558075227379,0.225405146121859,0.0103759504139832,0.095568161853475,0.00275207701631161,-0.174759335968688,0.266089394318502,-0.28005577629286,-0.0353593162461143,0.26637849121494,0.236037948619865,0.338949815375596,0.43789949947543,0.095185922766882,0.169980647621201,0.16368559749355
"SL365924",1.57644076255367e-09,1.57644076255367e-09,1.57644076255367e-09,1.57644076255367e-09,1.57644076255367e-09,4.58964953135893e-08,1.57644076255367e-09,1.57644076255367e-09,1.57644076255367e-09,1.57644076255367e-09,4.58964953135893e-08,2.01238256108036e-06,1.57644076255367e-09,4.58964953135893e-08,1.57644076255367e-09,0.174317362941677,0.104121592944069,0.203421103444256,0.207789234539434,0.217987453343935,0.265902423732038,0.191971739675333,0.25324019159935,0.142275506781519,0.0970240029657667,0.115445975421271,0.131888793029285,0.102309955256563,0.214999570072997,0.231207651163217,0.213855733509838,0.29449896134681,0.21973196410976,0.205773386137153,0.347084845682,0.157113125232866,0.249069861799184,0.227934660924005,0.071853371440052,0.0621323203242899,0.0327343865159784,-0.10219643439347,0.313518710045461,-0.191132016394323,0.027643959864757,0.284905634254279,0.290055275664466,0.376174222201619,0.429061244555978,0.0997767990355624,0.21373633748265,0.231630541367135
"SL365947",2.87898857841087e-08,1.57644025974448e-09,1.57644025974448e-09,1.57644025974448e-09,1.57644025974448e-09,1.57644025974448e-09,8.24179993487068e-09,3.72093984227437e-08,2.00784590022849e-08,1.57644025974448e-09,1.57644025974448e-09,4.72481208115486e-06,1.57644025974448e-09,1.57644025974448e-09,1.57644025974448e-09,0.185997199332795,0.114410347303985,0.204001281099077,0.187002753059919,0.205284952606861,0.239916539085128,0.133509268410513,0.211371168203463,0.0738858488761134,0.0735521720115255,0.0746133475998407,0.11579631409251,0.046775973541348,0.225464211204485,0.167625809378349,0.172114914835224,0.2625818263599,0.17993374086174,0.178696830020355,0.343288423913979,0.146234216556063,0.216735241845607,0.260931585988495,0.00235280357607757,0.114718579106527,0.0303551486973144,-0.232555778393936,0.301960528218486,-0.216629472337489,-0.0403846860223059,0.279533774503909,0.242312520434874,0.334227552686309,0.444182085288757,0.116058365085446,0.198153037861589,0.220717625625091
"SL365948",2.05821657651256e-07,1.57644059559361e-09,1.57644059559361e-09,1.57644059559361e-09,1.57644059559361e-09,1.57644059559361e-09,1.57644059559361e-09,2.05821657651256e-07,1.57644059559361e-09,1.57644059559361e-09,1.57644059559361e-09,7.99258649100826e-08,1.57644059559361e-09,1.57644059559361e-09,1.57644059559361e-09,0.172801149771438,0.0928755905693837,0.169771935535208,0.205068673072652,0.190262000702756,0.251320749884529,0.185780150376223,0.244476144451341,0.114350964650288,0.0770745094437844,0.123562341915267,0.152278718914089,0.149948055323398,0.249219230424173,0.241014986262144,0.220402487613848,0.288815963332839,0.229309361641597,0.185326095353715,0.342016855836101,0.155438452202299,0.237480337285672,0.219957076840888,0.100694678332275,0.0820842665029086,0.0384006795055441,-0.0697507039085524,0.333167626597488,-0.159137239617726,0.0276089473301471,0.306026507476052,0.295074683381413,0.287305081126576,0.441322556231389,0.0944714726852804,0.150639189143748,0.190045142491952
"SL372342",7.14536786415388e-08,1.57644070170936e-09,1.57644070170936e-09,1.57644070170936e-09,1.57644070170936e-09,1.57644070170936e-09,1.57644070170936e-09,1.57644070170936e-09,1.57644070170936e-09,1.57644070170936e-09,1.57644070170936e-09,5.12881025877672e-07,1.57644070170936e-09,1.57644070170936e-09,1.57644070170936e-09,0.140579383293237,0.0793016801092122,0.150997081131857,0.192074112327677,0.192945960080441,0.237052028536548,0.174423844779221,0.21046394952703,0.109642215460775,0.0875902965773946,0.158394544942352,0.170080752077926,0.186483634057124,0.175444987203397,0.259691873958698,0.248693796655833,0.229878454385232,0.203210286035787,0.16853430450867,0.343931824871938,0.143276108602388,0.213127239563338,0.186254127625168,0.085335978325508,0.0209082470973685,0.0706903123221186,-0.0674068248228652,0.346394517027995,-0.127647057302136,0.0687174332341224,0.330175753644443,0.319465048566559,0.399422851712661,0.404821069320867,0.0711957120514908,0.145141616737053,0.161773636662305
"SL372373",1.03971211906064e-08,1.62582050767024e-09,2.35043957991426e-09,1.8657697753188e-09,3.08810488371769e-09,2.09981684465315e-09,1.43887605756707e-09,1.49715686842874e-09,1.37739865573618e-09,9.16908692526042e-10,1.69719967841454e-09,1.03522348466992e-07,1.57486577624817e-09,1.66904885009987e-09,1.19744220129562e-09,0.15732971831532,0.0904716251867267,0.186551577602869,0.198773321911789,0.224363280324129,0.25994151084872,0.185928197369184,0.246973525469678,0.133052613261998,0.106932580034016,0.111254027647258,0.11752288257229,0.118410158762441,0.178449995285437,0.207991244919172,0.202078121339678,0.24390752036163,0.176722522598289,0.196548662803071,0.344324041025572,0.165935989774341,0.261245322699295,0.209346035698897,0.129177136385257,0.0359654755301077,0.0107240976157627,-0.106961474536847,0.277259118836238,-0.103576712819662,0.0320681788577905,0.316046869586719,0.262514533123534,0.271775186092641,0.375048014249171,0.0909255691509293,0.212453195173664,0.186134141648076
"SL372454",1.5764402967739e-09,1.5764402967739e-09,1.5764402967739e-09,1.5764402967739e-09,1.17144605219147e-07,1.5764402967739e-09,1.5764402967739e-09,1.5764402967739e-09,1.5764402967739e-09,1.5764402967739e-09,1.5764402967739e-09,1.91190807584491e-08,5.52259339144518e-09,1.5764402967739e-09,1.5764402967739e-09,0.161263382231384,0.101892193888868,0.263107015192006,0.223768576746866,0.241902652391812,0.318222525565548,0.239593766582481,0.304784050673855,0.227762086621394,0.15558959635521,0.129118941526226,0.137461174778299,0.149894723087381,0.0808184752562837,0.255306269276738,0.246392204041926,0.239458186236975,0.180072108526661,0.218082324691213,0.372866012872668,0.232569317436048,0.320801487352414,0.164807950341701,0.117228583837722,0.115014943332351,0.0289624122644932,-0.0856079708363724,0.319397479005467,-0.0964902099825928,0.0896169509581694,0.342446503710332,0.306004134973711,0.338581561281753,0.386505632459509,0.127191733287712,0.322366680846712,0.250983777909962
"SL381543",2.07527056284574e-09,1.57644020405268e-09,1.57644020405268e-09,1.57644020405268e-09,2.07527056284574e-09,1.75825229836576e-08,1.57644020405268e-09,1.57644020405268e-09,1.57644020405268e-09,1.75825229836576e-08,1.57644020405268e-09,4.72481191423875e-06,3.30708016216421e-09,1.57644020405268e-09,3.30708016216421e-09,0.173646870794243,0.103869708086982,0.159874628556069,0.199568615462866,0.171813623647216,0.25159435719105,0.1692699099832,0.235475159018179,0.107709191633829,0.0828412261288039,0.126250490870274,0.159046906116227,0.123071122046044,0.223742376827072,0.239207369842073,0.220719498056578,0.243712381065458,0.201254274582447,0.194710101738055,0.347170723038475,0.149118812838105,0.235210953409982,0.237199808953242,0.148856309052574,0.141001020773862,0.0496856632847784,-0.0919502622500605,0.320134972012019,-0.101973331780993,0.0551272692057455,0.317606391697731,0.289942778366854,0.312144868388396,0.378971142989893,0.0778115698167837,0.158996238566566,0.171603381657795
"SL383153",1.0397213064373e-08,1.62583487417142e-09,2.35046034948435e-09,4.12239934019569e-08,3.08813217163924e-09,2.09983539960497e-09,1.43888877214072e-09,1.49717009799856e-09,1.3774108270671e-09,9.16916794754887e-10,1.69721467565505e-09,4.57981008438037e-06,1.5748796924898e-09,1.66906359858665e-09,1.19745278244817e-09,0.15921225447488,0.0908363664507124,0.163032241700055,0.193078714682551,0.214782888875612,0.254116313205512,0.174599432047523,0.230006374272671,0.123824714414545,0.0809926839531234,0.0918970845356841,0.128860318463379,0.106668864098701,0.178933164838474,0.206122924404672,0.205426407688612,0.262885669707107,0.197411823499749,0.180411593049844,0.339542007214041,0.169928129862917,0.242516056933992,0.159924153068621,0.139622130468743,0.104704773440198,0.0201965534004365,-0.099146563749898,0.288689453383889,-0.157058163150314,0.0424387600893265,0.308798202665716,0.265963568852782,0.289356860030142,0.374845537605823,0.0849696319752277,0.170994508427578,0.158972478273122
"SL387149",1.0139751792792e-06,1.57644099704104e-09,1.57644099704104e-09,1.57644099704104e-09,1.57644099704104e-09,1.57644099704104e-09,1.57644099704104e-09,1.57644099704104e-09,1.57644099704104e-09,1.57644099704104e-09,1.57644099704104e-09,8.94026180296295e-08,1.57644099704104e-09,1.57644099704104e-09,1.57644099704104e-09,0.178926483466894,0.131186928160302,0.162003480228294,0.167771360467549,0.189389459242993,0.239747228494265,0.17398783089629,0.228138789651465,0.096082773544905,0.0643481039250024,0.0603520060581671,0.121733826273929,0.0551259509838945,0.0564428213690269,0.17588761987156,0.177730739540444,0.266572866787953,0.177366646396659,0.161757432963403,0.344179321959929,0.125478327452244,0.229894046153313,0.207679586210451,0.070215406419687,0.217020970449781,0.0358792533588693,-0.187402603584422,0.277422836981993,-0.167993364458956,-0.0212411038961552,0.298629399065618,0.250869941855644,0.242218464063786,0.414545384176453,0.0823339621787872,0.142463562262446,0.184471690881046
"SL399143",6.54102959884103e-09,1.21419525565054e-09,2.08067241163884e-09,1.31124767834648e-09,3.18871141078485e-09,1.84218411106072e-09,1.91670749358849e-09,1.20331888107468e-08,1.08049567757586e-08,7.4587201265306e-09,1.45389759816009e-09,1.38853771648109e-06,1.42932798470212e-09,1.59798011210781e-09,1.32818745597465e-09,0.170336849686723,0.102585059356501,0.198453968526791,0.158940526453541,0.152934171103339,0.195020206864352,0.105842497897279,0.155280109633892,0.0755099304685871,0.0214052713161099,0.0422540724097682,0.0897737970681941,0.0282880080420688,0.267363954098944,0.16825337038444,0.155966541910004,0.218016227075466,0.171451640425948,0.143680887708426,0.307959426974043,0.117939263963264,0.15152282537778,0.169566788948773,0.0678807459746633,0.109432678271395,-0.00630094634827081,-0.150095597752266,0.248542979216805,-0.195902736232809,-0.0471550235634467,0.245024982979535,0.237465700931883,0.195352866559893,0.434114768639411,0.0932801650058053,0.229878465785311,0.181624204211113
"SL399144",9.87793998256901e-09,1.21419445466949e-09,2.08067103905963e-09,1.31124681334183e-09,3.18870930725382e-09,1.84218289580762e-09,1.91670622917376e-09,5.22088900992268e-09,3.32357646804144e-08,1.28954289069403e-09,1.45389663905206e-09,3.26010454944027e-06,1.42932704180219e-09,1.59797905795135e-09,2.00576312604413e-09,0.153051076852711,0.0769055517951041,0.1313901384012,0.145667122107006,0.112146663753462,0.185199564600094,0.0689343292144286,0.135917207033797,0.0437343629111375,0.0303364479118106,0.0544278617485765,0.0889688473902902,0.017879139220679,0.227071874581541,0.138546885082407,0.133613061866927,0.206626234478848,0.147439472427706,0.16118218820502,0.313433591824276,0.0788319914953331,0.134877481816675,0.192252717668788,-0.0410679929842156,0.0783659624849317,0.00324395561361247,-0.201775758083245,0.252154496522894,-0.250437657495765,-0.071332218096945,0.243738638583135,0.199522400762718,0.250128017022497,0.421776498868621,0.078331567166144,0.112217370812411,0.131244841484616
"SL399164",1.57644024009636e-09,1.57644024009636e-09,1.57644024009636e-09,1.57644024009636e-09,7.99258468862983e-08,1.57644024009636e-09,1.57644024009636e-09,3.38744057754725e-09,1.57644024009636e-09,1.57644024009636e-09,1.57644024009636e-09,8.73193295231188e-09,1.57644024009636e-09,1.57644024009636e-09,1.57644024009636e-09,0.163940997293291,0.0886563629276304,0.142306281166948,0.187996653263952,0.179004644881268,0.239265698295772,0.159901366833315,0.24413859921205,0.117769460904513,0.0751334076267942,0.100102588337773,0.129316168343819,0.150081329107772,0.229674628556487,0.212396044331126,0.208606360012269,0.216686486117899,0.173351177170654,0.18584141701763,0.322370994604843,0.144217345757294,0.253640914684672,0.280362834438314,0.0860199439623579,0.0480900222717974,0.0358443828721133,-0.0582614116640892,0.28847646537681,-0.0415033498842649,0.0633880557332522,0.299057014022623,0.266732898539669,0.301737337195119,0.389820461974689,0.0814682231096996,0.129936717301913,0.155565596834142
"SL399171",2.04678974891938e-08,1.2141970846273e-09,2.08067554581473e-09,1.31124965351606e-09,3.18871621403133e-09,1.84218688599492e-09,2.31182218566863e-09,2.17832472947532e-09,7.3326281693479e-10,2.67506899127879e-08,1.4538997882073e-09,1.79332419080043e-07,1.42933013773942e-09,1.5979825191906e-09,9.7518692149608e-09,0.188020084866923,0.107193983307341,0.205806441957709,0.186731476007704,0.160505242332276,0.253678135915569,0.142066304714589,0.24204342337149,0.0872401605683621,0.0707985995148633,0.0481324172184162,0.100152671714519,0.0608829822498553,0.194292761109757,0.164239935675683,0.170297961845724,0.291349530848076,0.181166658813783,0.162675528103336,0.326991213475138,0.164353173636901,0.260154184606545,0.227195216625994,-0.0245077407086749,0.233748034527824,0.00253649415424848,-0.211949531563412,0.2729064658469,-0.174534306420577,-0.0183231323361425,0.252196025875489,0.234364642920157,0.2683045068532,0.45797982303872,0.120907597461284,0.21422909121535,0.213066542812753
"SL399214",4.3544603127484e-09,1.46666530428537e-09,2.27141311776268e-09,1.51004602910668e-09,2.89049973778508e-09,1.8304331589554e-09,6.15996716091763e-09,1.68185636074442e-09,8.82844396461592e-10,6.75561411590977e-10,1.46514812710807e-09,8.3426040899732e-07,2.79688645774596e-08,1.53032113475556e-09,7.23906330962153e-09,0.172365580895154,0.103687401791537,0.188270183534513,0.165678088931083,0.175108440657474,0.218625138642743,0.111462671131629,0.170799623752921,0.0616279719935859,0.0651620385428645,0.0247190480105771,0.0802714906183953,0.0526735510314683,0.150507857956376,0.139814243516887,0.151515871728921,0.259968942724316,0.163252342216308,0.160649797661611,0.348896211890952,0.110154652991582,0.185310163777042,0.202322601449511,-0.0746124866049394,0.106117643476098,-0.016919856910857,-0.250062634598878,0.252636302273327,-0.192171730183257,-0.0812407662661368,0.271584444127649,0.225033245337627,0.293233478855138,0.425936520529132,0.117046899711773,0.19476232678529,0.187852173723436
"SL399218",6.54101944072633e-09,1.21419337002466e-09,2.08066918038775e-09,1.31124564199973e-09,3.18870645876685e-09,1.84218125017816e-09,1.9167045169723e-09,1.80602335002259e-09,1.0804939995833e-08,8.53915404686067e-10,1.45389534028029e-09,6.99638533595961e-07,1.42932576497854e-09,1.59797763047017e-09,1.36256984375156e-08,0.185806644019336,0.100421370429243,0.17733253261494,0.267920039453251,0.259080331959265,0.315639074765531,0.254584573491854,0.334827182327638,0.215752304622878,0.146195149630993,0.246151053172049,0.225810488020501,0.252179825574663,0.301729582258871,0.36567728198703,0.326661178947989,0.313550264365102,0.269278995569883,0.262503874075474,0.355534859967602,0.225613821892217,0.343402316486505,0.314144961290942,0.230658707618104,0.296527939260093,0.119562318430972,0.156325161929913,0.377565343624368,0.067113068091626,0.215376768016843,0.395419037836776,0.380913219373822,0.301084742361196,0.436115737727059,0.0965073080442672,0.170675089973337,0.194627948029977
"SL399219",2.40642629558991e-08,1.21419245124758e-09,2.08066760595059e-09,1.31124464978344e-09,3.18870404588067e-09,1.84217985620422e-09,1.9167030666068e-09,2.4156792771609e-08,7.33260018801675e-10,8.76021152588449e-09,1.45389424012133e-09,3.2600991702649e-06,1.42932468341132e-09,1.5979764212845e-09,1.32818438828614e-09,0.161807872571118,0.0831480579859061,0.168628667101212,0.1782102654004,0.172005447018959,0.223367780701961,0.150358829806584,0.200138360311804,0.0562533700499053,0.0447056621354084,0.0427844290843693,0.109222198762855,0.0714101557202495,0.265117905225122,0.166240509403878,0.159560495625614,0.250942270933688,0.1927101277318,0.160628834136146,0.330027615951193,0.126064177424796,0.20291690086968,0.162783636391988,0.0658278342662283,0.0738765607356669,0.0165799690832164,-0.134629503975438,0.270735029111037,-0.22758084116556,-0.0276010115894216,0.265393846461479,0.227349512054711,0.163687182859477,0.413188217416951,0.0916154011302819,0.161515505953722,0.184513543514171
"SL399338",1.03900914096184e-08,1.21419452141116e-09,2.08067115342967e-09,2.41791678599818e-09,3.18870948253035e-09,1.84218299706847e-09,3.50040263890299e-08,6.17665924846779e-09,7.33261268989147e-10,8.5391621443079e-10,3.40939378147491e-09,3.26010472864124e-06,1.42932712036924e-09,1.59797914578884e-09,1.32818665280274e-09,0.21137320512186,0.135191716332222,0.242105106446276,0.239673901136622,0.244220536780212,0.297360567633212,0.234191204767391,0.310588108068505,0.164656185779278,0.128582491108922,0.182063075559458,0.180551406393033,0.173126466677025,0.221849663190435,0.289828354828231,0.258795274851481,0.324368708867233,0.23929521615202,0.255304706668998,0.335488579970395,0.214952690356981,0.306378681678878,0.28435528025489,0.2004388670306,0.317432660030471,0.0829093814947445,0.0333322558353497,0.343837384403705,-0.0864006091933752,0.135514180866357,0.343959523675357,0.316706757602238,0.288548764929839,0.450043381143219,0.133032774518595,0.23402613104964,0.276247019559136
"SL399360",1.96625901865124e-08,1.21419432980462e-09,2.08067082508837e-09,3.01922159172649e-09,3.18870897933453e-09,1.84218270636191e-09,3.40118660192075e-09,4.26283806802023e-08,7.33261153276504e-10,4.84270158186172e-08,8.29005312671348e-09,1.38853665769589e-06,1.42932689481359e-09,1.59797889361898e-09,3.59371778071386e-08,0.181167877831833,0.0971792246842295,0.165088456973446,0.266567922609481,0.241664174805678,0.323957311354181,0.273789117152764,0.351993498756726,0.217293351580234,0.150425380232933,0.247746016751402,0.225142694438294,0.247660884374116,0.25879077029717,0.360319623093803,0.324528750262337,0.321037651934146,0.278563117431236,0.254485554027767,0.36393345192526,0.2348379669075,0.347739302840977,0.305252671536402,0.221736836591907,0.154268891502074,0.108729314923369,0.176935462671711,0.391212783599877,0.00932857042775745,0.214844014515179,0.393552944080232,0.375477966489811,0.315455605276053,0.423076093458796,0.093007011639134,0.151575572410995,0.183549388016941
"SL399361",2.09490694942092e-08,1.21419264326652e-09,2.08066793499858e-09,2.71197077121005e-08,3.18870455015951e-09,1.84218014753647e-09,1.91670336972455e-09,9.71878145782116e-09,5.7613980736886e-09,8.53914893573102e-10,1.45389447004801e-09,3.26009968583456e-06,1.42932490945243e-09,1.59797667399711e-09,1.32818459833238e-09,0.18322146163363,0.104194144459323,0.191377355221624,0.220343893456056,0.215517072141475,0.269681603516618,0.181936833669087,0.25974100235344,0.150152608649641,0.0910223561167652,0.146071749048939,0.167940365317663,0.145553532236143,0.243373361247367,0.246655709003396,0.234146074741501,0.293449621981459,0.203748948424678,0.23798531220516,0.343934483397288,0.171859063363021,0.269696305526106,0.265695884772322,0.156050676771457,0.130859319936313,0.0622885274974263,0.0207809243224158,0.320784520102968,-0.088171352468775,0.0857657242768908,0.311282863796174,0.295461747992936,0.244557252047705,0.447280669756917,0.10119013230295,0.187592368265056,0.203315983014372
"SL411749",3.21236896026522e-09,3.57303659698738e-07,2.33806970107577e-09,1.46842764547745e-09,3.22170693390313e-09,1.49901194232371e-09,3.48973867043636e-08,1.95525303819621e-09,8.51485974796529e-10,3.93311300708725e-08,1.52253373648087e-09,4.40937129963146e-07,2.84387325955585e-09,1.56007586063809e-09,7.41379668768534e-09,0.175332193289243,0.107521757012915,0.177691236583266,0.16725063197174,0.159214215681113,0.213349416138001,0.128353171370708,0.172588092308047,0.0636796990990594,0.0666601499047993,0.0507508440854686,0.108724836495984,0.06419394602072,0.195950118129584,0.15222017339816,0.15504217695932,0.249964215176745,0.178423434677383,0.156721566906438,0.336778192410144,0.10717913062594,0.158178081313723,0.228623774962153,0.0322785880804342,0.0543129311466132,0.0134948615512706,-0.18607116573636,0.279434282046949,-0.261401865049004,-0.0508118978676878,0.259298454843005,0.223489422617795,0.357118868494152,0.419498236694968,0.098339378452386,0.180601811515189,0.186725531822384
"SL426715",1.3573994393147e-08,1.23502451211595e-09,2.2271278853281e-09,1.24030832470116e-09,3.34915073328317e-09,1.88049089790266e-09,1.8675387806555e-09,1.56216915593134e-08,7.45703786706205e-10,1.00176949102985e-09,1.50891806274092e-09,1.33532766210389e-06,5.41825208429101e-09,1.61784161726849e-09,1.25800651229197e-09,0.155835929344567,0.0839861855901306,0.175972994588597,0.192380672262293,0.228291294448371,0.249198104374428,0.193417452994038,0.230051882385201,0.110221363108985,0.0985468418478845,0.0991608749009861,0.121234230440944,0.114063981472303,0.192191461063316,0.212563026726411,0.217698894726324,0.21994735269668,0.171686588914655,0.190484137673004,0.331520894887147,0.158981044586884,0.241560040813619,0.190440690718362,0.123731111194156,0.0621998553802354,0.00361612656385371,-0.141856137409212,0.291935859002283,-0.0354893640976522,0.0521038026859098,0.319627895700628,0.278514010973171,0.273513709260747,0.390970965536946,0.102485857458251,0.189488630957831,0.166670448380195
"SL426738",5.77856089054149e-08,1.23502542556035e-09,2.22712953254843e-09,1.24030924205355e-09,3.34915321037001e-09,4.20826743762554e-09,1.86754016191783e-09,1.71775049746143e-09,3.37997604911463e-08,1.001770231955e-09,1.50891917876148e-09,1.33532864973414e-06,1.67071518248922e-08,1.6178428138507e-09,8.10756822263791e-09,0.173133817655501,0.0960755576330402,0.187821418135836,0.183920320751974,0.18672915520329,0.249153031642513,0.137802589824256,0.196939145832648,0.204963473519941,0.101137724674352,0.0573040918725548,0.104318305582115,0.0698927527310153,0.12903739506255,0.155567171121117,0.174976015943468,0.224586763043087,0.138889036325275,0.230998704101075,0.342877492503048,0.134144159396597,0.216483506525814,0.175176523593839,0.0472144502967084,0.00133874424308534,-0.00373319804632466,-0.177904454494645,0.266656064142276,-0.0736705305585128,-0.0337396115730538,0.303907174573044,0.238072640571875,0.28809621501333,0.410222357065274,0.103180195954806,0.197550868383055,0.186404879493336
"SL426756",1.25214363069461e-07,1.23502449718702e-09,2.22712785840666e-09,1.24030830970836e-09,3.34915069279877e-09,1.88049087517136e-09,1.86753875808077e-09,1.00826461954845e-08,7.45703777692167e-10,1.3399359437211e-08,1.50891804450118e-09,6.7282877222192e-07,1.43649959209852e-09,6.56687477032316e-09,1.25800649708524e-09,0.184881439918672,0.111065730803111,0.21975638162542,0.195837429142941,0.223655954151582,0.259777835823001,0.199360365265202,0.239787339259089,0.123587004810804,0.119742998290785,0.0631191716000183,0.115916670620096,0.117136947245512,0.166994920652907,0.186975126485424,0.201460548592942,0.22321302553823,0.168151299826654,0.209384023848793,0.351751752635531,0.152301706764699,0.24237660358124,0.204050054671942,0.120383284195272,0.0351608728898321,-0.0198420056720517,-0.162306530163389,0.307785605957489,-0.00244288571585893,-0.0133503179112101,0.321052481290187,0.272268620295942,0.264588422021945,0.416927993912154,0.133706602102199,0.239384679849414,0.210573756113177
"SL426764",2.19548443880009e-08,1.06194121359885e-09,2.17640256254229e-09,2.85245025273779e-09,3.17027847975582e-09,2.04947778026719e-09,6.13291131168063e-10,6.85215754228126e-09,4.66401269162596e-10,6.75966785282483e-10,1.80466226393763e-09,4.42671994698048e-06,1.57239348091689e-09,1.57136851400438e-09,1.48191462846167e-09,0.170017939663135,0.104609427285435,0.199826645847395,0.238247176977162,0.264338744386032,0.295886412630105,0.228218266081385,0.277377447392671,0.193304184961284,0.159981349131444,0.171199146699047,0.177673881235454,0.195196089216995,0.162827506507503,0.281763249776631,0.279924970688868,0.34081624011944,0.260302350687711,0.21825141255417,0.366581445795926,0.205622595953915,0.29557423771543,0.190324360741208,0.180627065617446,0.122386858700269,0.0534823775986857,-0.00517451410098493,0.362123801473442,-0.037316495943805,0.118927847206656,0.365676144307464,0.343080572996697,0.364354761714104,0.420114620151094,0.13533232084416,0.194772148822682,0.198681363023072
